symbol,name,valid_from,valid_until
A,Agilent Technologies,2026-07-21,
AA,Alcoa,2026-07-21,
AAL,American Airlines Group,2026-07-21,
AAOI,Applied Optoelectronics,2026-07-21,
AAON,AAON,2026-07-21,
AAPL,Apple Inc.,2026-07-21,
ABBV,AbbVie,2026-07-21,
ABNB,Airbnb,2026-07-21,
ABT,Abbott Laboratories,2026-07-21,
ACGL,Arch Capital Group,2026-07-21,
ACI,Albertsons,2026-07-21,
ACM,AECOM,2026-07-21,
ACN,Accenture,2026-07-21,
ADBE,Adobe Inc.,2026-07-21,
ADC,Agree Realty,2026-07-21,
ADI,Analog Devices,2026-07-21,
ADM,Archer Daniels Midland,2026-07-21,
ADP,Automatic Data Processing,2026-07-21,
ADSK,Autodesk,2026-07-21,
ADT,ADT Inc.,2026-07-21,
AEE,Ameren,2026-07-21,
AEIS,Advanced Energy,2026-07-21,
AEP,American Electric Power,2026-07-21,
AES,AES Corporation,2026-07-21,
AFG,American Financial Group,2026-07-21,
AFL,Aflac,2026-07-21,
AFRM,Affirm Holdings,2026-07-21,
AGCO,AGCO,2026-07-21,
AGNC,AGNC Investment,2026-07-21,
AGO,Assured Guaranty,2026-07-21,
AHR,American Healthcare REIT,2026-07-21,
AIG,American International Group,2026-07-21,
AIT,Applied Industrial Technologies,2026-07-21,
AIZ,Assurant,2026-07-21,
AJG,Arthur J. Gallagher & Co.,2026-07-21,
AKAM,Akamai Technologies,2026-07-21,
ALAB,Astera Labs,2026-07-21,
ALB,Albemarle Corporation,2026-07-21,
ALGM,Allegro MicroSystems,2026-07-21,
ALGN,Align Technology,2026-07-21,
ALK,Alaska Air Group,2026-07-21,
ALL,Allstate,2026-07-21,
ALLE,Allegion,2026-07-21,
ALLY,Ally Financial,2026-07-21,
ALM,Almonty Industries,2026-07-21,
ALNY,Alnylam Pharmaceuticals,2026-07-21,
ALSN,Allison Transmission,2026-07-21,
AM,Antero Midstream,2026-07-21,
AMAT,Applied Materials,2026-07-21,
AMCR,Amcor,2026-07-21,
AMD,Advanced Micro Devices,2026-07-21,
AME,Ametek,2026-07-21,
AMG,Affiliated Managers Group,2026-07-21,
AMGN,Amgen,2026-07-21,
AMH,American Homes 4 Rent,2026-07-21,
AMKR,Amkor Technology,2026-07-21,
AMP,Ameriprise Financial,2026-07-21,
AMT,American Tower,2026-07-21,
AMTM,Amentum,2026-07-21,
AMZN,Amazon,2026-07-21,
AN,AutoNation,2026-07-21,
ANET,Arista Networks,2026-07-21,
AON,Aon plc,2026-07-21,
AOS,A. O. Smith,2026-07-21,
APA,APA Corporation,2026-07-21,
APD,Air Products,2026-07-21,
APG,APi Group,2026-07-21,
APH,Amphenol,2026-07-21,
APLD,Applied Digital,2026-07-21,
APO,Apollo Global Management,2026-07-21,
APP,AppLovin,2026-07-21,
APPF,AppFolio,2026-07-21,
APTV,Aptiv,2026-07-21,
AR,Antero Resources,2026-07-21,
ARE,Alexandria Real Estate Equities,2026-07-21,
ARES,Ares Management,2026-07-21,
ARMK,Aramark,2026-07-21,
ARW,Arrow Electronics,2026-07-21,
ARWR,Arrowhead Pharmaceuticals,2026-07-21,
AS,Amer Sports,2026-07-21,
ASH,Ashland Global,2026-07-21,
ASND,Ascendis Pharma,2026-07-21,
ASTS,AST SpaceMobile,2026-07-21,
ATI,ATI Inc.,2026-07-21,
ATO,Atmos Energy,2026-07-21,
ATR,AptarGroup,2026-07-21,
AU,AngloGold Ashanti,2026-07-21,
AUGO,Aura Minerals,2026-07-21,
AUR,Aurora Innovation,2026-07-21,
AVAV,AeroVironment,2026-07-21,
AVB,AvalonBay Communities,2026-07-21,
AVGO,Brixmor Property Group,2026-07-21,
AVT,Avnet,2026-07-21,
AVTR,Avantor,2026-07-21,
AVY,Avery Dennison,2026-07-21,
AWI,Armstrong World Industries,2026-07-21,
AWK,American Water Works,2026-07-21,
AXON,Axon Enterprise,2026-07-21,
AXP,American Express,2026-07-21,
AXS,AXIS Capital,2026-07-21,
AXSM,Axsome Therapeutics,2026-07-21,
AXTA,Axalta,2026-07-21,
AYI,Acuity Brands,2026-07-21,
AZO,AutoZone,2026-07-21,
BA,BNY Mellon,2026-07-21,
BAC,Bank of America,2026-07-21,
BAH,Booking Holdings,2026-07-21,
BALL,Ball Corporation,2026-07-21,
BAM,Broadridge Financial Solutions,2026-07-21,
BAX,Baxter International,2026-07-21,
BBWI,"Bath & Body Works, Inc.",2026-07-21,
BBY,Berkshire Hathaway,2026-07-21,
BC,Brown–Forman (Class A),2026-07-21,
BDX,Becton Dickinson,2026-07-21,
BEN,Fortive,2026-07-21,
BEPC,Brookfield Asset Management,2026-07-21,
BFAM,Boyd Gaming,2026-07-21,
BG,Brunswick Corporation,2026-07-21,
BHF,Bright Horizons,2026-07-21,
BIIB,Bio-Techne,2026-07-21,
BILL,Best Buy,2026-07-21,
BIO,Bill.com,2026-07-21,
BIRK,BioMarin Pharmaceutical,2026-07-21,
BJ,Birkenstock,2026-07-21,
BKNG,BOK Financial Corporation,2026-07-21,
BKR,Baker Hughes,2026-07-21,
BLDR,Brown–Forman (Class B),2026-07-21,
BLK,BJ's Wholesale Club,2026-07-21,
BLSH,Bruker,2026-07-21,
BMRN,Biogen,2026-07-21,
BMY,Brighthouse Financial,2026-07-21,
BNY,Blue Owl Capital,2026-07-21,
BOKF,Boeing,2026-07-21,
BPOP,Pinnacle Financial Partners,2026-07-21,
BR,Broadcom,2026-07-21,
BRBR,BellRing Brands,2026-07-21,
BRKR,Brown & Brown,2026-07-21,
BRO,Brookfield Renewable Partners,2026-07-21,
BROS,DTE Energy,2026-07-21,
BRX,Bristol Myers Squibb,2026-07-21,
BSX,Boston Beer Company,2026-07-21,
BSY,Bentley Systems,2026-07-21,
BURL,Builders FirstSource,2026-07-21,
BWA,Booz Allen Hamilton,2026-07-21,
BWXT,Bullish,2026-07-21,
BX,BlackRock,2026-07-21,
BXP,Bunge Global,2026-07-21,
BYD,Boston Scientific,2026-07-21,
C,Circle Internet Group,2026-07-21,
CACC,Coupang,2026-07-21,
CACI,BWX Technologies,2026-07-21,
CAG,Columbia Sportswear,2026-07-21,
CAH,Camden Property Trust,2026-07-21,
CAI,Campbell Soup Company,2026-07-21,
CAR,Avis Budget Group,2026-07-21,
CARR,CarMax,2026-07-21,
CART,M&T Bank,2026-07-21,
CASY,Carpenter Technology Corporation,2026-07-21,
CAT,Carrier Global,2026-07-21,
CAVA,Carvana,2026-07-21,
CB,Chipotle Mexican Grill,2026-07-21,
CBC,Cencora,2026-07-21,
CBOE,Casey's,2026-07-21,
CBRE,Caterpillar Inc.,2026-07-21,
CBSH,Columbia Banking System,2026-07-21,
CCC,Cava Group,2026-07-21,
CCI,Credit Acceptance,2026-07-21,
CCK,CRH plc,2026-07-21,
CCL,Carlisle Companies,2026-07-21,
CDNS,"BXP, Inc.",2026-07-21,
CDW,Cboe Global Markets,2026-07-21,
CE,CBRE Group,2026-07-21,
CEG,Concentrix,2026-07-21,
CELH,CCC Intelligent Solutions,2026-07-21,
CERT,Centene,2026-07-21,
CF,Centerpoint Energy,2026-07-21,
CFG,Cirrus Logic,2026-07-21,
CFR,Franklin Templeton Investments,2026-07-21,
CG,Cardinal Health,2026-07-21,
CGNX,CNA Financial,2026-07-21,
CHD,Choice Hotels,2026-07-21,
CHDN,Chord Energy,2026-07-21,
CHE,Charles River Laboratories,2026-07-21,
CHH,Chevron Corporation,2026-07-21,
CHRD,Chewy,2026-07-21,
CHRW,Burlington Stores,2026-07-21,
CHTR,CF Industries,2026-07-21,
CHWY,Chemed Corporation,2026-07-21,
CI,Church & Dwight,2026-07-21,
CIEN,Chubb Limited,2026-07-21,
CINF,Churchill Downs Incorporated,2026-07-21,
CL,Cognex Corporation,2026-07-21,
CLF,Clarivate,2026-07-21,
CLH,Citigroup,2026-07-21,
CLVT,Cisco,2026-07-21,
CLX,Clean Harbors,2026-07-21,
CMCSA,Coinbase,2026-07-21,
CME,Clearway Energy (Class C),2026-07-21,
CMG,Cheniere Energy,2026-07-21,
CMI,Crown Castle,2026-07-21,
CMS,Cleveland-Cliffs,2026-07-21,
CNA,Clorox,2026-07-21,
CNC,Celanese,2026-07-21,
CNH,Cloudflare,2026-07-21,
CNM,Constellation Energy,2026-07-21,
CNP,Celsius Holdings,2026-07-21,
CNXC,Comcast,2026-07-21,
COF,Caesars Entertainment,2026-07-21,
COHR,Coca-Cola Company (The),2026-07-21,
COIN,Coca-Cola Consolidated,2026-07-21,
COKE,CMS Energy,2026-07-21,
COLB,Cognizant,2026-07-21,
COLD,Americold,2026-07-21,
COLM,Coherent Corp.,2026-07-21,
COO,ConocoPhillips,2026-07-21,
COP,Comfort Systems USA,2026-07-21,
COR,CDW,2026-07-21,
CORT,Constellation Brands,2026-07-21,
COST,Corning Inc.,2026-07-21,
COTY,Corpay,2026-07-21,
CPAY,Copart,2026-07-21,
CPB,Cadence Design Systems,2026-07-21,
CPNG,Corteva,2026-07-21,
CPRT,Consolidated Edison,2026-07-21,
CPT,CACI,2026-07-21,
CR,Costco,2026-07-21,
CRCL,Cigna,2026-07-21,
CRH,Cousins Properties,2026-07-21,
CRL,Central Bancompany,2026-07-21,
CRM,Ryan Specialty,2026-07-21,
CROX,Crane Co.,2026-07-21,
CRS,Carlyle Group (The),2026-07-21,
CRUS,Cincinnati Financial,2026-07-21,
CRWD,Crane NXT,2026-07-21,
CSCO,Cintas,2026-07-21,
CSGP,Core & Main,2026-07-21,
CSL,Capital One,2026-07-21,
CSX,Crocs,2026-07-21,
CTAS,Ciena,2026-07-21,
CTSH,CNH Industrial,2026-07-21,
CTVA,Corcept Therapeutics,2026-07-21,
CUBE,CrowdStrike,2026-07-21,
CUZ,CoStar Group,2026-07-21,
CVNA,Carnival Corporation,2026-07-21,
CVS,CSX Corporation,2026-07-21,
CVX,Charter Communications,2026-07-21,
CW,Crown Holdings,2026-07-21,
CWEN,Citizens Financial Group,2026-07-21,
CXT,Coty,2026-07-21,
CZR,C.H. Robinson,2026-07-21,
D,DocuSign,2026-07-21,
DAL,Datadog,2026-07-21,
DAR,CVS Health,2026-07-21,
DASH,Dollar Tree,2026-07-21,
DBX,Dover Corporation,2026-07-21,
DCI,Dollar General,2026-07-21,
DD,DT Midstream,2026-07-21,
DDOG,D. R. Horton,2026-07-21,
DDS,Dexcom,2026-07-21,
DE,Darling Ingredients,2026-07-21,
DECK,Darden Restaurants,2026-07-21,
DELL,DaVita,2026-07-21,
DG,Digital Realty,2026-07-21,
DGX,Qiagen,2026-07-21,
DHI,CubeSmart,2026-07-21,
DHR,Cummins,2026-07-21,
DINO,HEICO (Common),2026-07-21,
DIS,Voya Financial,2026-07-21,
DJT,TransUnion,2026-07-21,
DKNG,DoubleVerify,2026-07-21,
DKS,Dentsply Sirona,2026-07-21,
DLB,Dick's Sporting Goods,2026-07-21,
DLR,Devon Energy,2026-07-21,
DLTR,Dillard's,2026-07-21,
DOC,Hasbro,2026-07-21,
DOCS,DoorDash,2026-07-21,
DOCU,Diamondback Energy,2026-07-21,
DOV,Domino's,2026-07-21,
DOW,Donaldson Company,2026-07-21,
DOX,Amdocs,2026-07-21,
DPZ,Dolby Laboratories,2026-07-21,
DRI,Curtiss-Wright,2026-07-21,
DRS,Lazard,2026-07-21,
DT,Duolingo,2026-07-21,
DTE,Doximity,2026-07-21,
DTM,Dow Inc.,2026-07-21,
DUK,DraftKings,2026-07-21,
DUOL,Dropbox,2026-07-21,
DV,Dominion Energy,2026-07-21,
DVA,Danaher Corporation,2026-07-21,
DVN,Deere & Company,2026-07-21,
DXC,Duke Energy,2026-07-21,
DXCM,Delta Air Lines,2026-07-21,
EA,Edison International,2026-07-21,
EBAY,East West Bancorp,2026-07-21,
ECG,Everest Group,2026-07-21,
ECHO,EastGroup Properties,2026-07-21,
ECL,Eastman Chemical Company,2026-07-21,
ED,Commerce Bancshares,2026-07-21,
EEFT,Essential Utilities,2026-07-21,
EFX,EOG Resources,2026-07-21,
EG,Estée Lauder Companies (The),2026-07-21,
EGP,Dynatrace,2026-07-21,
EHC,Element Solutions,2026-07-21,
EIX,Eaton Corporation,2026-07-21,
EL,Equity Residential,2026-07-21,
ELAN,EchoStar,2026-07-21,
ELF,DuPont,2026-07-21,
ELS,EQT Corporation,2026-07-21,
ELV,Elanco,2026-07-21,
EME,Elastic NV,2026-07-21,
EMN,e.l.f. Beauty,2026-07-21,
EMR,Electronic Arts,2026-07-21,
ENPH,Elevance Health,2026-07-21,
ENTG,Emcor,2026-07-21,
EOG,Enphase Energy,2026-07-21,
EPAM,Entegris,2026-07-21,
EPR,Entergy,2026-07-21,
EQH,EPR Properties,2026-07-21,
EQIX,EPAM Systems,2026-07-21,
EQR,Equifax,2026-07-21,
EQT,Envista,2026-07-21,
ES,Evercore,2026-07-21,
ESAB,Equinix,2026-07-21,
ESI,Edwards Lifesciences,2026-07-21,
ESS,Equity Lifestyle Properties,2026-07-21,
ESTC,Ecolab,2026-07-21,
ETN,Eagle Materials,2026-07-21,
ETR,Emerson Electric,2026-07-21,
ETSY,ESAB,2026-07-21,
EVR,Essex Property Trust,2026-07-21,
EVRG,Etsy,2026-07-21,
EW,eBay,2026-07-21,
EWBC,DXC Technology,2026-07-21,
EXC,Everpure,2026-07-21,
EXE,Everus Construction Group,2026-07-21,
EXEL,Evergy,2026-07-21,
EXLS,Eversource Energy,2026-07-21,
EXP,Dutch Bros Inc.,2026-07-21,
EXPD,Exelon,2026-07-21,
EXPE,Exelixis,2026-07-21,
EXR,EXL Service,2026-07-21,
F,Flowserve,2026-07-21,
FAF,Fidelity National Financial,2026-07-21,
FANG,Dell Technologies,2026-07-21,
FAST,ExxonMobil,2026-07-21,
FBIN,FNB Corporation,2026-07-21,
FCN,Freeport-McMoRan,2026-07-21,
FCNCA,Fidelity National Information Services,2026-07-21,
FCX,Fox Corporation (Class A),2026-07-21,
FDS,Expeditors International,2026-07-21,
FDX,FactSet,2026-07-21,
FDXF,Fair Isaac,2026-07-21,
FE,"First Hawaiian, Inc.",2026-07-21,
FERG,Fastenal,2026-07-21,
FFIV,Expedia Group,2026-07-21,
FHB,Fifth Third Bancorp,2026-07-21,
FHN,Figure Technology Solutions,2026-07-21,
FICO,Extra Space Storage,2026-07-21,
FIGR,Fermi Inc.,2026-07-21,
FIS,FedEx Freight,2026-07-21,
FISV,First Horizon Corporation,2026-07-21,
FITB,Ferguson Enterprises,2026-07-21,
FIVE,First Industrial Realty Trust,2026-07-21,
FIX,Colgate-Palmolive,2026-07-21,
FLEX,First Solar,2026-07-21,
FLO,Fiserv,2026-07-21,
FLS,Five Below,2026-07-21,
FLUT,Flex Ltd.,2026-07-21,
FMC,Floor & Decor,2026-07-21,
FNB,Flowers Foods,2026-07-21,
FND,FirstEnergy,2026-07-21,
FNF,FedEx,2026-07-21,
FOUR,Sensata Technologies,2026-07-21,
FOX,Fortinet,2026-07-21,
FOXA,Ford Motor Company,2026-07-21,
FR,First American Financial Corporation,2026-07-21,
FRHC,Fortune Brands Innovations,2026-07-21,
FRMI,Federal Realty Investment Trust,2026-07-21,
FRPT,Fox Corporation (Class B),2026-07-21,
FRT,"F5, Inc.",2026-07-21,
FSLR,First Citizens BancShares,2026-07-21,
FTAI,Freedom Holding,2026-07-21,
FTI,Take-Two Interactive,2026-07-21,
FTNT,Flutter Entertainment,2026-07-21,
FTV,FMC Corporation,2026-07-21,
FWONA,Lennox International,2026-07-21,
FWONK,Leonardo DRS,2026-07-21,
G,Generac,2026-07-21,
GAP,FTAI Aviation,2026-07-21,
GD,GE HealthCare,2026-07-21,
GDDY,GlobalFoundries,2026-07-21,
GE,Gartner,2026-07-21,
GEHC,Gates Corporation,2026-07-21,
GEN,GCI Liberty (Series C),2026-07-21,
GEV,GCI Liberty (Series A),2026-07-21,
GFS,Genuine Parts Company,2026-07-21,
GGG,Globe Life,2026-07-21,
GILD,General Motors,2026-07-21,
GIS,GE Vernova,2026-07-21,
GL,GitLab,2026-07-21,
GLIBA,Gap Inc.,2026-07-21,
GLIBK,Garmin,2026-07-21,
GLOB,Gilead Sciences,2026-07-21,
GLPI,Frost Bank,2026-07-21,
GLW,Cooper Companies (The),2026-07-21,
GM,Gen Digital,2026-07-21,
GME,Freshpet,2026-07-21,
GMED,Global Payments,2026-07-21,
GNRC,GE Aerospace,2026-07-21,
GNTX,General Dynamics,2026-07-21,
GOOG,Alphabet (Class C),2026-07-21,
GOOGL,Alphabet (Class A),2026-07-21,
GPC,General Mills,2026-07-21,
GPK,GoDaddy,2026-07-21,
GPN,Gentex,2026-07-21,
GRMN,FTI Consulting,2026-07-21,
GS,Globant,2026-07-21,
GTES,Gaming and Leisure Properties,2026-07-21,
GTLB,Genpact,2026-07-21,
GTM,Zebra Technologies,2026-07-21,
GWRE,Goldman Sachs,2026-07-21,
GWW,Vistra Corp.,2026-07-21,
GXO,Graco Inc.,2026-07-21,
H,HubSpot,2026-07-21,
HAL,Grand Canyon Education,2026-07-21,
HALO,Graphic Packaging,2026-07-21,
HAS,Hamilton Lane,2026-07-21,
HAYW,Hanover Insurance,2026-07-21,
HBAN,Howmet Aerospace,2026-07-21,
HCA,Harley-Davidson,2026-07-21,
HD,Hewlett Packard Enterprise,2026-07-21,
HEI,Hayward Holdings,2026-07-21,
HHH,Honeywell Aerospace,2026-07-21,
HIG,Halozyme,2026-07-21,
HII,HP Inc.,2026-07-21,
HIW,Jack Henry & Associates,2026-07-21,
HLI,Home Depot (The),2026-07-21,
HLNE,Guidewire Software,2026-07-21,
HLT,Hershey Company (The),2026-07-21,
HOG,Halliburton,2026-07-21,
HON,HF Sinclair,2026-07-21,
HONA,Hexcel,2026-07-21,
HOOD,RH,2026-07-21,
HPE,Healthpeak Properties,2026-07-21,
HPQ,Hormel Foods,2026-07-21,
HR,Hartford (The),2026-07-21,
HRB,Blackstone Inc.,2026-07-21,
HRL,Highwoods Properties,2026-07-21,
HSIC,Salesforce,2026-07-21,
HST,Hilton Worldwide,2026-07-21,
HSY,Healthcare Realty Trust,2026-07-21,
HUBB,Host Hotels & Resorts,2026-07-21,
HUBS,Houlihan Lokey,2026-07-21,
HUM,Howard Hughes Holdings,2026-07-21,
HUN,Hubbell Incorporated,2026-07-21,
HWM,Honeywell Technologies,2026-07-21,
HXL,HEICO (Class A),2026-07-21,
IBKR,Ingredion,2026-07-21,
IBM,Humana,2026-07-21,
ICE,Insmed,2026-07-21,
IDA,Huntington Bancshares,2026-07-21,
IDXX,Huntsman Corporation,2026-07-21,
IEX,Huntington Ingalls Industries,2026-07-21,
IFF,Inspire Medical Systems,2026-07-21,
ILMN,IBM,2026-07-21,
INCY,Idacorp,2026-07-21,
INGM,Idexx Laboratories,2026-07-21,
INGR,Illinois Tool Works,2026-07-21,
INSM,"Illumina, Inc.",2026-07-21,
INSP,Incyte,2026-07-21,
INTC,Ingram Micro,2026-07-21,
INTU,Intel,2026-07-21,
INVH,International Flavors & Fragrances,2026-07-21,
IONS,International Paper,2026-07-21,
IOT,S&P Global,2026-07-21,
IP,Insulet,2026-07-21,
IPGP,Intuit,2026-07-21,
IQV,Intuitive Surgical,2026-07-21,
IR,IDEX Corporation,2026-07-21,
IRDM,Invesco,2026-07-21,
IRM,Invitation Homes,2026-07-21,
ISRG,Interactive Brokers,2026-07-21,
IT,GameStop,2026-07-21,
ITT,Ionis Pharmaceuticals,2026-07-21,
ITW,Hyatt Hotels,2026-07-21,
IVZ,Intercontinental Exchange,2026-07-21,
J,Iridium Communications,2026-07-21,
JAN,ITT Inc.,2026-07-21,
JAZZ,J. B. Hunt,2026-07-21,
JBHT,IPG Photonics,2026-07-21,
JBL,IQVIA,2026-07-21,
JCI,James Hardie Industries,2026-07-21,
JEF,Jabil,2026-07-21,
JHX,Iron Mountain,2026-07-21,
JKHY,HCA Healthcare,2026-07-21,
JLL,Janus Living,2026-07-21,
JNJ,Jacobs Solutions,2026-07-21,
JPM,Jazz Pharmaceuticals,2026-07-21,
KBR,Johnson & Johnson,2026-07-21,
KD,KKR & Co. Inc.,2026-07-21,
KDP,JPMorgan Chase,2026-07-21,
KEX,Kilroy Realty,2026-07-21,
KEY,Karman Holdings,2026-07-21,
KEYS,"KBR, Inc.",2026-07-21,
KHC,Kinsale Capital Group,2026-07-21,
KIM,Keurig Dr Pepper,2026-07-21,
KKR,Kimberly-Clark,2026-07-21,
KLAC,Kimco Realty,2026-07-21,
KMB,Kenvue,2026-07-21,
KMI,Keycorp,2026-07-21,
KMPR,Johnson Controls,2026-07-21,
KMX,Caris Life Sciences,2026-07-21,
KNSL,Keysight,2026-07-21,
KNX,Kinder Morgan,2026-07-21,
KO,CME Group,2026-07-21,
KR,Kirby Corporation,2026-07-21,
KRC,Kemper Corporation,2026-07-21,
KRMN,Jefferies Financial Group,2026-07-21,
KVUE,Jones Lang LaSalle,2026-07-21,
L,Lithia Motors,2026-07-21,
LAD,Liberty Live (Series C),2026-07-21,
LAMR,Kroger,2026-07-21,
LAZ,Lamar Advertising,2026-07-21,
LBRDA,Lear Corporation,2026-07-21,
LBRDK,Leidos,2026-07-21,
LBTYA,Lennar (Class A),2026-07-21,
LBTYK,Lennar (Class B),2026-07-21,
LCID,Loar Holdings,2026-07-21,
LDOS,Landstar,2026-07-21,
LEA,Lamb Weston,2026-07-21,
LECO,Liberty Global (Series C),2026-07-21,
LEN,Las Vegas Sands,2026-07-21,
LFUS,Lilly (Eli),2026-07-21,
LH,Knight-Swift,2026-07-21,
LHX,KLA Corporation,2026-07-21,
LII,Lattice Semiconductor,2026-07-21,
LIN,Liberty Formula 1 (Series C),2026-07-21,
LINE,Liberty Live (Series A),2026-07-21,
LITE,Loews Corporation,2026-07-21,
LKQ,Lincoln Financial,2026-07-21,
LLY,Liberty Global (Series A),2026-07-21,
LLYVA,Liberty Broadband (Series A),2026-07-21,
LLYVK,Liberty Broadband (Series C),2026-07-21,
LMT,"Lineage, Inc.",2026-07-21,
LNC,Liberty Formula 1 (Series A),2026-07-21,
LNG,Charles Schwab Corporation,2026-07-21,
LNT,Alliant Energy,2026-07-21,
LOAR,Linde plc,2026-07-21,
LOPE,Globus Medical,2026-07-21,
LOW,Live Nation Entertainment,2026-07-21,
LPLA,LKQ Corporation,2026-07-21,
LPX,Littelfuse,2026-07-21,
LRCX,Kraft Heinz,2026-07-21,
LSCC,Lam Research,2026-07-21,
LSTR,L3Harris,2026-07-21,
LULU,Lockheed Martin,2026-07-21,
LUV,Somnigroup International,2026-07-21,
LVS,Labcorp,2026-07-21,
LW,Kyndryl,2026-07-21,
LYB,Lowe's,2026-07-21,
LYFT,Louisiana-Pacific,2026-07-21,
LYV,Lincoln Electric,2026-07-21,
M,Lululemon Athletica,2026-07-21,
MA,Marsh McLennan,2026-07-21,
MAA,MGIC Investment Corporation,2026-07-21,
MAN,LyondellBasell,2026-07-21,
MANH,Lyft,2026-07-21,
MAR,Manhattan Associates,2026-07-21,
MAS,Markel,2026-07-21,
MASI,MarketAxess,2026-07-21,
MAT,Masco,2026-07-21,
MCD,MasTec,2026-07-21,
MCHP,Merck & Co.,2026-07-21,
MCK,Mastercard,2026-07-21,
MCO,Molina Healthcare,2026-07-21,
MDB,MKS Instruments,2026-07-21,
MDLN,Mattel,2026-07-21,
MDLZ,Millrose Properties,2026-07-21,
MDT,McDonald's,2026-07-21,
MDU,Matador Resources,2026-07-21,
MEDP,McCormick & Company,2026-07-21,
MET,Medical Properties Trust,2026-07-21,
META,MDU Resources,2026-07-21,
MGM,Medtronic,2026-07-21,
MHK,Mid-America Apartment Communities,2026-07-21,
MIDD,MGM Resorts International,2026-07-21,
MKC,Masimo,2026-07-21,
MKL,"Macy's, Inc.",2026-07-21,
MKSI,Microsoft,2026-07-21,
MKTX,Madison Square Garden Sports,2026-07-21,
MLI,Mosaic Company (The),2026-07-21,
MLM,Maplebear Inc.,2026-07-21,
MMM,3M,2026-07-21,
MNST,Mohawk Industries,2026-07-21,
MO,Altria,2026-07-21,
MOH,Middleby,2026-07-21,
MORN,Mondelez International,2026-07-21,
MOS,MongoDB Inc.,2026-07-21,
MP,Monster Beverage,2026-07-21,
MPC,MACOM Technology Solutions,2026-07-21,
MPT,Match Group,2026-07-21,
MPWR,Moderna,2026-07-21,
MRK,McKesson Corporation,2026-07-21,
MRNA,MicroStrategy,2026-07-21,
MRP,Micron Technology,2026-07-21,
MRSH,ManpowerGroup,2026-07-21,
MRVL,Marathon Petroleum,2026-07-21,
MS,Molson Coors,2026-07-21,
MSA,Moody's Corporation,2026-07-21,
MSCI,"Morningstar, Inc.",2026-07-21,
MSFT,Metlife,2026-07-21,
MSGS,Lumentum,2026-07-21,
MSI,Monolithic Power Systems,2026-07-21,
MSM,Morgan Stanley,2026-07-21,
MSTR,Mettler Toledo,2026-07-21,
MTB,LPL Financial,2026-07-21,
MTCH,Marvell Technology,2026-07-21,
MTD,Medline Inc.,2026-07-21,
MTDR,Martin Marietta Materials,2026-07-21,
MTG,Medpace,2026-07-21,
MTN,United Wholesale Mortgage,2026-07-21,
MTSI,Lucid Motors,2026-07-21,
MTZ,Marriott International,2026-07-21,
MU,Meta Platforms,2026-07-21,
MUSA,Motorola Solutions,2026-07-21,
MWH,J.M. Smucker Company (The),2026-07-21,
NBIX,Natera,2026-07-21,
NCLH,NiSource,2026-07-21,
NCNO,Mueller Industries,2026-07-21,
NDAQ,MP Materials,2026-07-21,
NDSN,Nexstar Media Group,2026-07-21,
NEE,Newell Brands,2026-07-21,
NEM,Netapp,2026-07-21,
NET,Clearway Energy (Class A),2026-07-21,
NEU,nCino,2026-07-21,
NFG,MSC Industrial Direct,2026-07-21,
NFLX,"Nasdaq, Inc.",2026-07-21,
NI,News Corp (Class A),2026-07-21,
NIQ,NewMarket,2026-07-21,
NKE,Newmont,2026-07-21,
NLY,Annaly Capital Management,2026-07-21,
NNN,News Corp (Class B),2026-07-21,
NOC,"Nike, Inc.",2026-07-21,
NOV,NNN Reit,2026-07-21,
NOW,Seaboard Corporation,2026-07-21,
NRG,Nordson,2026-07-21,
NSA,MSCI,2026-07-21,
NSC,NextEra Energy,2026-07-21,
NTAP,Murphy USA,2026-07-21,
NTNX,Northrop Grumman,2026-07-21,
NTRA,MSA Safety,2026-07-21,
NTRS,NIQ Global Intelligence,2026-07-21,
NU,Norfolk Southern,2026-07-21,
NUE,Northern Trust,2026-07-21,
NVDA,NOV Inc.,2026-07-21,
NVR,NRG Energy,2026-07-21,
NVST,Encompass Health,2026-07-21,
NVT,Norwegian Cruise Line Holdings,2026-07-21,
NWL,National Storage Affiliates,2026-07-21,
NWS,Neurocrine Biosciences,2026-07-21,
NWSA,Netflix,2026-07-21,
NXST,New York Times Company,2026-07-21,
NYT,National Fuel Gas,2026-07-21,
O,Ralph Lauren Corporation,2026-07-21,
OC,Onto Innovation,2026-07-21,
ODFL,Nvidia,2026-07-21,
OGE,Nutanix,2026-07-21,
OGN,On Holding AG,2026-07-21,
OHI,OGE Energy,2026-07-21,
OKE,Ollie's Bargain Outlet,2026-07-21,
OKTA,nVent Electric,2026-07-21,
OLED,United Airlines Holdings,2026-07-21,
OLLI,Occidental Petroleum,2026-07-21,
OLN,O'Reilly Auto Parts,2026-07-21,
OMC,"Okta, Inc.",2026-07-21,
OMF,Olin Corporation,2026-07-21,
ON,Old Republic International,2026-07-21,
ONON,Old Dominion Freight Line,2026-07-21,
ONTO,Omega Healthcare Investors,2026-07-21,
ORCL,Omnicom Group,2026-07-21,
ORI,"NVR, Inc.",2026-07-21,
ORLY,Nubank,2026-07-21,
OSK,ON Semiconductor,2026-07-21,
OTIS,OneMain Financial,2026-07-21,
OVV,Oneok,2026-07-21,
OWL,"Block, Inc.",2026-07-21,
OXY,Nucor,2026-07-21,
OZK,Bank OZK,2026-07-21,
P,Euronet Worldwide,2026-07-21,
PAG,Paychex,2026-07-21,
PANW,Otis Worldwide,2026-07-21,
PATH,U-Haul,2026-07-21,
PAYC,Palantir Technologies,2026-07-21,
PAYX,Packaging Corporation of America,2026-07-21,
PB,Primo Brands,2026-07-21,
PCAR,Oracle Corporation,2026-07-21,
PCG,People Inc.,2026-07-21,
PCOR,PPG Industries,2026-07-21,
PCTY,Palo Alto Networks,2026-07-21,
PEG,Progressive Corporation,2026-07-21,
PEGA,Parker Hannifin,2026-07-21,
PEN,Paylocity,2026-07-21,
PENN,Parsons Corporation,2026-07-21,
PEP,Pegasystems,2026-07-21,
PFE,"Penumbra, Inc.",2026-07-21,
PFG,Post Holdings,2026-07-21,
PFGC,Penn Entertainment,2026-07-21,
PG,PPL Corporation,2026-07-21,
PGR,T. Rowe Price,2026-07-21,
PH,Owens Corning,2026-07-21,
PHM,Prologis,2026-07-21,
PINS,PG&E Corporation,2026-07-21,
PK,Ovintiv,2026-07-21,
PKG,Organon & Co.,2026-07-21,
PLD,Primerica,2026-07-21,
PLNT,Philip Morris International,2026-07-21,
PLTR,Oshkosh Corporation,2026-07-21,
PM,PepsiCo,2026-07-21,
PNC,Phillips 66,2026-07-21,
PNFP,Perrigo,2026-07-21,
PNR,Paycom,2026-07-21,
PNW,Pfizer,2026-07-21,
PODD,Ingersoll Rand,2026-07-21,
POOL,Pilgrim's Pride,2026-07-21,
POST,Pinnacle West Capital,2026-07-21,
PPC,Permian Resources,2026-07-21,
PPG,Pinterest,2026-07-21,
PPL,Planet Fitness,2026-07-21,
PPLI,PayPal,2026-07-21,
PR,Penske Automotive Group,2026-07-21,
PRGO,Pentair,2026-07-21,
PRI,Pool Corporation,2026-07-21,
PRMB,"Popular, Inc.",2026-07-21,
PRU,Principal Financial Group,2026-07-21,
PSA,Procter & Gamble,2026-07-21,
PSN,Paccar,2026-07-21,
PSX,Performance Food Group,2026-07-21,
PTC,Procore,2026-07-21,
PVH,Prosperity Bancshares,2026-07-21,
PWR,PulteGroup,2026-07-21,
PYPL,Park Hotels & Resorts,2026-07-21,
Q,PTC Inc.,2026-07-21,
QCOM,Public Service Enterprise Group,2026-07-21,
QGEN,Prudential Financial,2026-07-21,
QRVO,Public Storage,2026-07-21,
QS,PVH Corp.,2026-07-21,
QSR,Reinsurance Group of America,2026-07-21,
QXO,Qnity Electronics,2026-07-21,
R,Royal Gold,2026-07-21,
RAL,Qorvo,2026-07-21,
RARE,U.S. Bancorp,2026-07-21,
RBA,"QXO, Inc.",2026-07-21,
RBC,Ralliant,2026-07-21,
RBLX,RingCentral,2026-07-21,
RBRK,Ross Stores,2026-07-21,
RCL,Rockwell Automation,2026-07-21,
RDDT,Range Resources,2026-07-21,
REG,Rayonier,2026-07-21,
REGN,RB Global,2026-07-21,
REXR,Repligen,2026-07-21,
REYN,Republic Services,2026-07-21,
RF,RBC Bearings,2026-07-21,
RGA,Realty Income,2026-07-21,
RGEN,Regency Centers,2026-07-21,
RGLD,Roivant Sciences,2026-07-21,
RH,Resmed,2026-07-21,
RHI,Reynolds Consumer Products,2026-07-21,
RITM,Revolution Medicines,2026-07-21,
RIVN,Revvity,2026-07-21,
RJF,QuantumScape,2026-07-21,
RKLB,Rivian,2026-07-21,
RKT,Rithm Capital,2026-07-21,
RL,Qualcomm,2026-07-21,
RLI,Rexford Industrial,2026-07-21,
RMD,Regions Financial Corporation,2026-07-21,
RNG,Restaurant Brands International,2026-07-21,
RNR,Regal Rexnord,2026-07-21,
ROIV,Robert Half,2026-07-21,
ROK,RLI Corp.,2026-07-21,
ROKU,Robinhood Markets,2026-07-21,
ROL,Roblox Corporation,2026-07-21,
ROP,Rocket Companies,2026-07-21,
ROST,Rocket Lab,2026-07-21,
RPM,"Rollins, Inc.",2026-07-21,
RPRX,"Roku, Inc.",2026-07-21,
RRC,Quanta Services,2026-07-21,
RRX,Raymond James Financial,2026-07-21,
RS,Reddit,2026-07-21,
RSG,Regeneron Pharmaceuticals,2026-07-21,
RTX,Roper Technologies,2026-07-21,
RVMD,"Reliance, Inc.",2026-07-21,
RVTY,RenaissanceRe,2026-07-21,
RYAN,Royal Caribbean Group,2026-07-21,
RYN,Quest Diagnostics,2026-07-21,
S,Schneider National,2026-07-21,
SAIA,RPM International,2026-07-21,
SAIC,Rubrik,2026-07-21,
SAIL,RTX Corporation,2026-07-21,
SAM,BorgWarner,2026-07-21,
SARO,Southwest Airlines,2026-07-21,
SBAC,SAIC,2026-07-21,
SBUX,Spotify,2026-07-21,
SCCO,SOLV Energy,2026-07-21,
SCHW,"Certara, Inc.",2026-07-21,
SCI,Scotts Miracle-Gro Company,2026-07-21,
SEB,Sarepta Therapeutics,2026-07-21,
SEIC,SBA Communications,2026-07-21,
SF,Stanley Black & Decker,2026-07-21,
SFD,Silgan Holdings,2026-07-21,
SFM,Southern Company,2026-07-21,
SGI,Snap-on,2026-07-21,
SHC,SoFi,2026-07-21,
SHW,Sempra,2026-07-21,
SIRI,SharkNinja,2026-07-21,
SITE,Sherwin-Williams,2026-07-21,
SJM,Simon Property Group,2026-07-21,
SLB,Sallie Mae,2026-07-21,
SLGN,SentinelOne,2026-07-21,
SLM,Ryder,2026-07-21,
SMCI,Steel Dynamics,2026-07-21,
SMG,SanDisk,2026-07-21,
SMMT,Starwood Property Trust,2026-07-21,
SN,SEI Investments Company,2026-07-21,
SNA,SiriusXM,2026-07-21,
SNDK,Saia,2026-07-21,
SNDR,Samsara,2026-07-21,
SNOW,SiteOne Landscape Supply,2026-07-21,
SNPS,Stifel,2026-07-21,
SNX,T-Mobile US,2026-07-21,
SO,Solstice Advanced Materials,2026-07-21,
SOFI,Skyworks Solutions,2026-07-21,
SOLS,Smithfield Foods,2026-07-21,
SOLV,Smurfit Westrock,2026-07-21,
SON,Snowflake Inc.,2026-07-21,
SPCX,Sonoco,2026-07-21,
SPG,Service Corporation International,2026-07-21,
SPGI,Royalty Pharma,2026-07-21,
SPOT,Sotera Health,2026-07-21,
SRE,Schein (Henry),2026-07-21,
SRPT,SailPoint,2026-07-21,
SSB,Solventum,2026-07-21,
SSD,ServiceNow,2026-07-21,
SSNC,Southern Copper,2026-07-21,
ST,Schlumberger,2026-07-21,
STAG,SouthState Corporation,2026-07-21,
STE,StandardAero,2026-07-21,
STLD,STAG Industrial,2026-07-21,
STT,SS&C Technologies,2026-07-21,
STWD,Sprouts Farmers Market,2026-07-21,
STZ,Conagra Brands,2026-07-21,
SUI,State Street Corporation,2026-07-21,
SW,Simpson Manufacturing Company,2026-07-21,
SWK,SpaceX,2026-07-21,
SWKS,Shift4,2026-07-21,
SYF,Steris,2026-07-21,
SYK,Starbucks,2026-07-21,
SYY,Stryker Corporation,2026-07-21,
T,AT&T,2026-07-21,
TAP,Millicom,2026-07-21,
TDC,TD Synnex,2026-07-21,
TDG,Toro Company (The),2026-07-21,
TDY,Talen Energy,2026-07-21,
TEAM,Atlassian,2026-07-21,
TECH,Bio-Rad Laboratories,2026-07-21,
TEM,Targa Resources,2026-07-21,
TER,TechnipFMC,2026-07-21,
TFC,TransDigm Group,2026-07-21,
TFSL,Tetra Tech,2026-07-21,
TFX,"Tapestry, Inc.",2026-07-21,
TGT,Sysco,2026-07-21,
THC,Target Corporation,2026-07-21,
THG,GXO Logistics,2026-07-21,
THO,Texas Instruments,2026-07-21,
TIGO,Microchip Technology,2026-07-21,
TJX,Texas Roadhouse,2026-07-21,
TKO,Textron,2026-07-21,
TKR,Texas Pacific Land Corporation,2026-07-21,
TLN,Supermicro,2026-07-21,
TMO,"Tesla, Inc.",2026-07-21,
TMUS,Summit Therapeutics,2026-07-21,
TNL,Tractor Supply Company,2026-07-21,
TOL,Third Federal S&L,2026-07-21,
TOST,Thermo Fisher Scientific,2026-07-21,
TPG,Timken Company,2026-07-21,
TPL,Tenet Healthcare,2026-07-21,
TPR,Synchrony Financial,2026-07-21,
TREX,Tradeweb,2026-07-21,
TRGP,Synopsys,2026-07-21,
TRMB,Trane Technologies,2026-07-21,
TROW,PNC Financial Services,2026-07-21,
TRU,TPG Inc.,2026-07-21,
TRV,Trade Desk (The),2026-07-21,
TSCO,TJX Companies,2026-07-21,
TSLA,Teledyne Technologies,2026-07-21,
TSN,"Trex Company, Inc.",2026-07-21,
TT,Toll Brothers,2026-07-21,
TTC,Thor Industries,2026-07-21,
TTD,TKO Group Holdings,2026-07-21,
TTEK,Teleflex,2026-07-21,
TTWO,Sun Communities,2026-07-21,
TW,"Toast, Inc.",2026-07-21,
TWLO,Travel + Leisure Co.,2026-07-21,
TXN,Tempus AI,2026-07-21,
TXRH,Teradata,2026-07-21,
TXT,Teradyne,2026-07-21,
TYL,Travelers Companies (The),2026-07-21,
U,Union Pacific Corporation,2026-07-21,
UA,Ubiquiti,2026-07-21,
UAA,Uber,2026-07-21,
UAL,UGI Corporation,2026-07-21,
UBER,Trump Media & Technology Group,2026-07-21,
UDR,Tyler Technologies,2026-07-21,
UGI,Tyson Foods,2026-07-21,
UHAL,Trimble Inc.,2026-07-21,
UHS,United Parcel Service,2026-07-21,
UI,Twilio,2026-07-21,
ULTA,U-Haul (Series N),2026-07-21,
UNH,Under Armour (Class C),2026-07-21,
UNM,United Rentals,2026-07-21,
UNP,"UDR, Inc.",2026-07-21,
UPS,UiPath,2026-07-21,
URI,Ulta Beauty,2026-07-21,
USB,Truist Financial,2026-07-21,
USFD,United Therapeutics,2026-07-21,
UTHR,Ultragenyx,2026-07-21,
UWMC,Under Armour (Class A),2026-07-21,
V,VF Corporation,2026-07-21,
VEEV,Universal Health Services,2026-07-21,
VFC,Verisign,2026-07-21,
VGNT,Veeva Systems,2026-07-21,
VICI,Verizon,2026-07-21,
VIK,Versant,2026-07-21,
VIRT,Vertiv,2026-07-21,
VKTX,Versigent,2026-07-21,
VLO,UnitedHealth Group,2026-07-21,
VLTO,US Foods,2026-07-21,
VMC,Viper Energy,2026-07-21,
VMI,Unity Technologies,2026-07-21,
VNO,Viking Holdings,2026-07-21,
VNOM,Vertex Pharmaceuticals,2026-07-21,
VNT,Vici Properties,2026-07-21,
VOYA,Viking Therapeutics,2026-07-21,
VRSK,Valero Energy,2026-07-21,
VRSN,Vail Resorts,2026-07-21,
VRT,Veralto,2026-07-21,
VRTX,"Ventas, Inc.",2026-07-21,
VSNT,Valvoline,2026-07-21,
VST,Viatris,2026-07-21,
VTR,Unum,2026-07-21,
VTRS,Verisk Analytics,2026-07-21,
VVV,Universal Display Corporation,2026-07-21,
VZ,Valmont Industries,2026-07-21,
W,Wabtec,2026-07-21,
WAB,Vontier,2026-07-21,
WAL,Webster Bank,2026-07-21,
WAT,W. R. Berkley Corporation,2026-07-21,
WBD,Vulcan Materials,2026-07-21,
WBS,Walt Disney Company (The),2026-07-21,
WCC,Wayfair,2026-07-21,
WDAY,Williams Companies,2026-07-21,
WDC,WEC Energy Group,2026-07-21,
WEC,Warner Bros. Discovery,2026-07-21,
WELL,Waters Corporation,2026-07-21,
WEN,Watsco,2026-07-21,
WEX,Wendy's Company (The),2026-07-21,
WFC,"Waste Management, Inc.",2026-07-21,
WFRD,Walmart,2026-07-21,
WH,"Williams-Sonoma, Inc.",2026-07-21,
WHR,West Pharmaceutical Services,2026-07-21,
WING,Weyerhaeuser,2026-07-21,
WLK,Welltower,2026-07-21,
WM,W. P. Carey,2026-07-21,
WMB,Western Digital,2026-07-21,
WMS,Advanced Drainage Systems,2026-07-21,
WMT,Vornado Realty Trust,2026-07-21,
WPC,Virtu Financial,2026-07-21,
WRB,Visa Inc.,2026-07-21,
WSC,WEX Inc.,2026-07-21,
WSM,Western Union,2026-07-21,
WSO,W. W. Grainger,2026-07-21,
WST,Weatherford International,2026-07-21,
WTFC,Whirlpool Corporation,2026-07-21,
WTM,Western Alliance Bancorporation,2026-07-21,
WTRG,Equitable Holdings,2026-07-21,
WTW,Westlake Corporation,2026-07-21,
WU,Wells Fargo,2026-07-21,
WWD,White Mountains Insurance Group,2026-07-21,
WY,Wesco International,2026-07-21,
WYNN,Willis Towers Watson,2026-07-21,
XE,WillScot Mobile Mini,2026-07-21,
XEL,Wingstop,2026-07-21,
XOM,Expand Energy,2026-07-21,
XP,Wintrust Financial,2026-07-21,
XPO,"Woodward, Inc.",2026-07-21,
XRAY,Deckers Brands,2026-07-21,
XYL,"Workday, Inc.",2026-07-21,
XYZ,H&R Block,2026-07-21,
YETI,Wyndham Hotels & Resorts,2026-07-21,
YUM,Wynn Resorts,2026-07-21,
Z,XP Inc.,2026-07-21,
ZBH,"XPO, Inc.",2026-07-21,
ZBRA,X-energy,2026-07-21,
ZG,Xcel Energy,2026-07-21,
ZION,Xylem Inc.,2026-07-21,
ZM,Yum! Brands,2026-07-21,
ZS,Zillow (Class A),2026-07-21,
ZTS,Yeti Holdings,2026-07-21,
